{
  "base_loss": 2.03261643075943,
  "base_ppl": 7.634034173191902,
  "ft_loss": 1.035406483888626,
  "ft_ppl": 2.8162507635539384
}